Title,Location,Looking for,Posted,Category,Link
Senior Python Developer,"Remote, USA",Back end,14 August 2025,Developer / Engineer,https://www.python.org/jobs/7947/
Backend Python Software Engineer (Hybrid),"Raleigh-Durham, North Carolina, USA",Back end,14 August 2025,Developer / Engineer,https://www.python.org/jobs/7946/
Senior Python Developer,"Any, European Union",Back end,12 August 2025,Developer / Engineer,https://www.python.org/jobs/7944/
Senior Python Developer,"Dublin, Dublin, Ireland","Back end, Big Data",07 August 2025,Developer / Engineer,https://www.python.org/jobs/7942/
"Lead Developer, Python, AWS, MedTech - Botley","High Street, Botley, UK","Back end, Cloud, Lead, Machine Learning",04 August 2025,Developer / Engineer,https://www.python.org/jobs/7941/
Senior Software Developer (Python),"Canada - remote, remote in Canada, Canada","Back end, Machine Learning",31 July 2025,Developer / Engineer,https://www.python.org/jobs/7939/
Principal Python Engineer,"Warsaw, Poland",Back end,29 July 2025,Developer / Engineer,https://www.python.org/jobs/7938/
Python Software Engineer. AI driven Helpdesk. RASA integration,"London, London, United Kingdom","Back end, Integration, Conversational AI Language Model. RASA Open Source",28 July 2025,Developer / Engineer,https://www.python.org/jobs/7937/
Senior Full Stack Engineer - React/Python in Toronto.,"Toronto, Ontario, Canada","Back end, Front end",24 July 2025,Developer / Engineer,https://www.python.org/jobs/7936/
Senior Python Developer,"Bogot√°, Medellin or Cartagena, Cundinamarca, Antioquia or Bolivar, Colombia","Back end, Big Data, Cloud, Database, Machine Learning, Management, Operations, Systems, Testing, Text Processing, Web",11 July 2025,Developer / Engineer,https://www.python.org/jobs/7931/
Senior Python Developer ONSITE,"Brooklyn, NY, United States","Back end, Operations, Systems, Developer Tooling, Developer Experience",08 July 2025,Developer / Engineer,https://www.python.org/jobs/7926/
Python Software Engineer Intern,"Remote, Remote, USA","Back end, Cloud, Front end, Systems",03 July 2025,Developer / Engineer,https://www.python.org/jobs/7923/
Senior Python Developer,"Medellin Cartagena Bogota, cundinamarca Antioquia bolivar, Colombia","Back end, Cloud, Database, Front end, Integration, Operations, Systems, Testing",26 June 2025,Developer / Engineer,https://www.python.org/jobs/7920/
Senior Backend Python Developer,"London, Greater London, United Kingdom",Back end,25 June 2025,Developer / Engineer,https://www.python.org/jobs/7919/
